id,app,category,description,auth,access,api,mcp,buildability,blocker,evidence_urls,engine
1,Salesforce,1. CRM and Sales,"""Sales and customer relationship management""","[""OAuth2""]","""trial""","""REST; breadth needs endpoint inventory""","""unknown""","""conditional""","""Developer plan eligibility, credential onboarding, scopes, rate limits and MCP availability need further confirmation before production.""",https://developer.salesforce.com/docs/atlas.en-us.api_rest.meta/api_rest/intro_rest.htm | https://developer.salesforce.com/docs/platform/api-rest/guide/quickstart.html | https://developer.salesforce.com/docs/platform/api-rest/guide/intro-oauth-and-connected-apps.html | https://developer.salesforce.com/docs/platform/api-rest/guide/quickstart-dev-org.html | https://developer.salesforce.com/docs/platform/api-rest/guide/quickstart-oauth.html | https://developer.salesforce.com/docs/platform/api-rest/guide/intro-oauth-and-connected-apps.html,AI-session-assisted-evidence-rules
2,HubSpot,1. CRM and Sales,"""CRM, marketing and sales automation""","[""OAuth2""]","""admin""","""HTTP API; breadth needs endpoint inventory""","""unknown""","""conditional""","""OAuth is required for multi-account installs; installer needs Super Admin or Marketplace Access permissions. Plan-dependent scopes still need checking.""",https://developers.hubspot.com/docs/apps/developer-platform/build-apps/authentication/oauth/working-with-oauth,AI-session-assisted-evidence-rules
3,Pipedrive,1. CRM and Sales,"""Sales pipeline and deal management""","[""OAuth2"", ""token""]","""unknown""","""HTTP API; breadth needs endpoint inventory""","""unknown""","""conditional""","""Developer plan eligibility, credential onboarding, scopes, rate limits and MCP availability need further confirmation before production.""",https://pipedrive.readme.io/docs/core-api-concepts-authentication.md,AI-session-assisted-evidence-rules
4,Attio,1. CRM and Sales,"""Flexible CRM for relationship data""","""unknown""","""unknown""","""REST; breadth needs endpoint inventory""","""unknown""","""conditional""","""Developer plan eligibility, credential onboarding, scopes, rate limits and MCP availability need further confirmation before production.""",https://docs.attio.com/rest-api/overview | https://docs.attio.com/rest-api/how-to/authentication | https://docs.attio.com/rest-api/how-to/authentication-and-authorization,AI-session-assisted-evidence-rules
5,Twenty,1. CRM and Sales,"""Open-source CRM with workspace-generated APIs""","[""API key""]","""admin""","""GraphQL; breadth needs endpoint inventory""","""unknown""","""conditional""","""Workspace schema changes the API; key creation and role scoping need workspace access. Cloud pricing versus self-hosting is a separate check.""",https://docs.twenty.com/developers/extend/capabilities/apis,AI-session-assisted-evidence-rules
6,Podio,1. CRM and Sales,"""Workspaces and custom business apps""","[""OAuth2""]","""unknown""","""Documented API (protocol unverified); breadth needs endpoint inventory""","""unknown""","""conditional""","""Developer plan eligibility, credential onboarding, scopes, rate limits and MCP availability need further confirmation before production.""",https://developers.podio.com/authentication,AI-session-assisted-evidence-rules
7,Zoho CRM,1. CRM and Sales,"""Customer relationship and sales management""","[""OAuth2""]","""unknown""","""Documented API (protocol unverified); breadth needs endpoint inventory""","""unknown""","""conditional""","""Developer plan eligibility, credential onboarding, scopes, rate limits and MCP availability need further confirmation before production.""",https://www.zoho.com/crm/developer/docs/api/v8/oauth-overview.html,AI-session-assisted-evidence-rules
8,Close,1. CRM and Sales,"""Sales CRM with calling and email""","[""API key"", ""OAuth2""]","""unknown""","""REST; breadth needs endpoint inventory""","""official""","""conditional""","""Developer plan eligibility, credential onboarding, scopes, rate limits and MCP availability need further confirmation before production.""",https://developer.close.com/,AI-session-assisted-evidence-rules
9,Copper,1. CRM and Sales,"""CRM for relationship and pipeline management""","""unknown""","""unknown""","""REST; breadth needs endpoint inventory""","""unknown""","""conditional""","""Developer plan eligibility, credential onboarding, scopes, rate limits and MCP availability need further confirmation before production.""",https://developer.copper.com/ | https://developer.copper.com/authentication/ | https://developer.copper.com/#authentication,AI-session-assisted-evidence-rules
10,DealCloud,1. CRM and Sales,"""Deal and relationship intelligence for investment teams""","[""token""]","""unknown""","""REST; breadth needs endpoint inventory""","""unknown""","""conditional""","""Developer plan eligibility, credential onboarding, scopes, rate limits and MCP availability need further confirmation before production.""",https://api.docs.dealcloud.com/docs,AI-session-assisted-evidence-rules
11,Zendesk,2. Support and Helpdesk,"""Customer support tickets and helpdesk workflows""","[""OAuth2""]","""unknown""","""HTTP API; breadth needs endpoint inventory""","""unknown""","""conditional""","""OAuth is the recommended distribution path; basic/API-token customers face migration. Do not design a new multi-customer toolkit around legacy basic auth.""",https://developer.zendesk.com/api-reference/introduction/security-and-auth/,AI-session-assisted-evidence-rules
12,Intercom,2. Support and Helpdesk,"""Customer messaging and support automation""","[""OAuth2"", ""token""]","""unknown""","""Documented API (protocol unverified); breadth needs endpoint inventory""","""unknown""","""conditional""","""Developer plan eligibility, credential onboarding, scopes, rate limits and MCP availability need further confirmation before production.""",https://developers.intercom.com/docs/build-an-integration/learn-more/authentication,AI-session-assisted-evidence-rules
13,Freshdesk,2. Support and Helpdesk,"""Helpdesk tickets, customers and agents""","[""API key"", ""Basic""]","""trial""","""HTTP API; breadth needs endpoint inventory""","""unknown""","""conditional""","""API key is sent as the Basic-auth username with a dummy password; counting these as independent onboarding options would be misleading.""",https://developers.freshdesk.com/api/,AI-session-assisted-evidence-rules
14,Front,2. Support and Helpdesk,"""Shared inbox and customer communication""","[""OAuth2"", ""token""]","""unknown""","""HTTP API; breadth needs endpoint inventory""","""unknown""","""conditional""","""Developer plan eligibility, credential onboarding, scopes, rate limits and MCP availability need further confirmation before production.""",https://dev.frontapp.com/docs/authentication.md,AI-session-assisted-evidence-rules
15,Pylon,2. Support and Helpdesk,"""B2B support and customer issue management""","[""token""]","""admin""","""Documented API (protocol unverified); breadth needs endpoint inventory""","""unknown""","""conditional""","""Only admins can create API tokens; customer authorization is required.""",https://docs.usepylon.com/pylon-docs/developer/api | https://docs.usepylon.com/pylon-docs/developer/authentication | https://docs.usepylon.com/pylon-docs/developer/api/authentication,AI-session-assisted-evidence-rules
16,LiveAgent,2. Support and Helpdesk,"""Customer service and live chat""","[""API key""]","""unknown""","""REST; breadth needs endpoint inventory""","""unknown""","""conditional""","""Developer plan eligibility, credential onboarding, scopes, rate limits and MCP availability need further confirmation before production.""",https://support.liveagent.com/061754-API,AI-session-assisted-evidence-rules
17,Plain,2. Support and Helpdesk,"""Developer-oriented customer support platform""","[""API key""]","""unknown""","""GraphQL; breadth needs endpoint inventory""","""unknown""","""conditional""","""Developer plan eligibility, credential onboarding, scopes, rate limits and MCP availability need further confirmation before production.""",https://www.plain.com/docs/api-reference/graphql/authentication | https://www.plain.com/docs/api-reference/graphql/overview,AI-session-assisted-evidence-rules
18,Help Scout,2. Support and Helpdesk,"""Shared inbox and customer support""","[""OAuth2""]","""unknown""","""HTTP API; breadth needs endpoint inventory""","""unknown""","""conditional""","""Developer plan eligibility, credential onboarding, scopes, rate limits and MCP availability need further confirmation before production.""",https://developer.helpscout.com/mailbox-api/overview/authentication/ | https://developer.helpscout.com/mailbox-api/,AI-session-assisted-evidence-rules
19,Gorgias,2. Support and Helpdesk,"""Ecommerce customer support helpdesk""","[""OAuth2"", ""token""]","""partner""","""unknown""","""unknown""","""unknown""","""Private token use differs from public OAuth distribution, which requires Gorgias review. The primary access label describes public distribution.""",https://developers.gorgias.com/docs | https://developers.gorgias.com/docs/access-tokens,AI-session-assisted-evidence-rules
20,Gladly,2. Support and Helpdesk,"""Customer service and conversation platform""","[""Basic""]","""trial""","""REST; breadth needs endpoint inventory""","""unknown""","""conditional""","""Developer plan eligibility, credential onboarding, scopes, rate limits and MCP availability need further confirmation before production.""",https://developer.gladly.com/rest/,AI-session-assisted-evidence-rules
21,Slack,3. Communications and Messaging,"""Team messaging and collaboration""","[""OAuth2""]","""unknown""","""unknown""","""unknown""","""unknown""","""Developer plan eligibility, credential onboarding, scopes, rate limits and MCP availability need further confirmation before production.""",https://docs.slack.dev/authentication/,AI-session-assisted-evidence-rules
22,Twilio,3. Communications and Messaging,"""Programmable communication APIs""","[""API key"", ""Basic""]","""unknown""","""REST; breadth needs endpoint inventory""","""unknown""","""conditional""","""Developer plan eligibility, credential onboarding, scopes, rate limits and MCP availability need further confirmation before production.""",https://www.twilio.com/docs/usage/requests-to-twilio,AI-session-assisted-evidence-rules
23,Zoho Cliq,3. Communications and Messaging,"""Team messaging and collaboration""","[""OAuth2""]","""unknown""","""REST; breadth needs endpoint inventory""","""unknown""","""conditional""","""Developer plan eligibility, credential onboarding, scopes, rate limits and MCP availability need further confirmation before production.""",https://www.zoho.com/cliq/help/restapi/v2/,AI-session-assisted-evidence-rules
24,Lark (Larksuite),3. Communications and Messaging,"""Workplace communication and collaboration""","""unknown""","""unknown""","""unknown""","""unknown""","""unknown""","""Developer plan eligibility, credential onboarding, scopes, rate limits and MCP availability need further confirmation before production.""",https://open.larksuite.com/document/server-docs/api-call-guide/calling-process/get-access-token,AI-session-assisted-evidence-rules
25,Pumble,3. Communications and Messaging,"""Team messaging and collaboration""","[""API key""]","""free""","""HTTP API; breadth needs endpoint inventory""","""unknown""","""buildable""","""API addon installation and workspace permissions required; public docs say available on all plans.""",https://pumble.com/help/workspace-administration/api/,AI-session-assisted-evidence-rules
26,Discord,3. Communications and Messaging,"""Community messaging and bot platform""","[""Basic"", ""OAuth2"", ""token""]","""unknown""","""unknown""","""unknown""","""unknown""","""Developer plan eligibility, credential onboarding, scopes, rate limits and MCP availability need further confirmation before production.""",https://docs.discord.com/developers/topics/oauth2,AI-session-assisted-evidence-rules
27,Telegram,3. Communications and Messaging,"""Messaging bots through an HTTP interface""","[""token""]","""unknown""","""HTTP API; breadth needs endpoint inventory""","""unknown""","""conditional""","""Developer plan eligibility, credential onboarding, scopes, rate limits and MCP availability need further confirmation before production.""",https://core.telegram.org/bots/api,AI-session-assisted-evidence-rules
28,WhatsApp Business,3. Communications and Messaging,"""Business messaging on WhatsApp""","[""token""]","""unknown""","""Documented API (protocol unverified); breadth needs endpoint inventory""","""unknown""","""conditional""","""Test-number onboarding and production business/phone setup differ. Production permissions and messaging charges need verification.""",https://developers.facebook.com/docs/whatsapp/cloud-api/get-started/,AI-session-assisted-evidence-rules
29,Aircall,3. Communications and Messaging,"""Business calling and telephony""","[""Basic"", ""OAuth2""]","""unknown""","""REST; breadth needs endpoint inventory""","""unknown""","""conditional""","""Customer Basic-auth credentials and technology-partner OAuth are different paths; do not treat both as identical onboarding.""",https://developer.aircall.io/api-references/,AI-session-assisted-evidence-rules
30,Vonage,3. Communications and Messaging,"""Programmable messaging, voice and video""","[""API key"", ""Basic"", ""other""]","""unknown""","""Documented API (protocol unverified); breadth needs endpoint inventory""","""unknown""","""conditional""","""Product-specific JWT, key/secret and Basic methods; advanced messaging/webhook features differ.""",https://developer.vonage.com/en/getting-started/concepts/authentication,AI-session-assisted-evidence-rules
31,Google Ads,"4. Marketing, Ads, Email and Social","""Advertising campaign management and reporting""","[""OAuth2""]","""unknown""","""HTTP API; breadth needs endpoint inventory""","""unknown""","""conditional""","""Developer plan eligibility, credential onboarding, scopes, rate limits and MCP availability need further confirmation before production.""",https://developers.google.com/google-ads/api/docs/get-started/introduction | https://developers.google.com/google-ads/api/docs/get-started/dev-token | https://developers.google.com/google-ads/api/docs/oauth/overview,AI-session-assisted-evidence-rules
32,Meta Ads,"4. Marketing, Ads, Email and Social","""Advertising across Meta platforms""","""unknown""","""unknown""","""unknown""","""unknown""","""unknown""","""Developer plan eligibility, credential onboarding, scopes, rate limits and MCP availability need further confirmation before production.""",https://developers.facebook.com/docs/marketing-apis/,AI-session-assisted-evidence-rules
33,LinkedIn Ads,"4. Marketing, Ads, Email and Social","""LinkedIn advertising and audience tools""","[""OAuth2""]","""partner""","""unknown""","""unknown""","""unknown""","""Restricted APIs are reviewed for partnership fit; customer role and member consent are additional gates.""",https://learn.microsoft.com/en-us/linkedin/marketing/increasing-access | https://learn.microsoft.com/en-us/linkedin/marketing/getting-started,AI-session-assisted-evidence-rules
34,GoHighLevel,"4. Marketing, Ads, Email and Social","""Marketing automation and CRM workflows""","[""OAuth2""]","""unknown""","""HTTP API; breadth needs endpoint inventory""","""unknown""","""conditional""","""Developer plan eligibility, credential onboarding, scopes, rate limits and MCP availability need further confirmation before production.""",https://marketplace.gohighlevel.com/docs/Authorization/OAuth2.0/,AI-session-assisted-evidence-rules
35,Mailchimp,"4. Marketing, Ads, Email and Social","""Email marketing and audience management""","[""API key"", ""Basic"", ""OAuth2""]","""unknown""","""HTTP API; breadth needs endpoint inventory""","""unknown""","""conditional""","""Developer plan eligibility, credential onboarding, scopes, rate limits and MCP availability need further confirmation before production.""",https://mailchimp.com/developer/marketing/docs/fundamentals/,AI-session-assisted-evidence-rules
36,Klaviyo,"4. Marketing, Ads, Email and Social","""Customer data and marketing automation""","[""API key"", ""OAuth2""]","""unknown""","""HTTP API; breadth needs endpoint inventory""","""unknown""","""conditional""","""Developer plan eligibility, credential onboarding, scopes, rate limits and MCP availability need further confirmation before production.""",https://developers.klaviyo.com/en/docs/authenticate_.md,AI-session-assisted-evidence-rules
37,systeme.io,"4. Marketing, Ads, Email and Social","""Marketing funnels and contact management""","[""API key""]","""unknown""","""unknown""","""unknown""","""unknown""","""Developer plan eligibility, credential onboarding, scopes, rate limits and MCP availability need further confirmation before production.""",https://developer.systeme.io/docs/,AI-session-assisted-evidence-rules
38,Pinterest,"4. Marketing, Ads, Email and Social","""Visual discovery, pins and advertising""","[""OAuth2""]","""unknown""","""REST; breadth needs endpoint inventory""","""unknown""","""conditional""","""Developer plan eligibility, credential onboarding, scopes, rate limits and MCP availability need further confirmation before production.""",https://developers.pinterest.com/docs/getting-started/authentication/,AI-session-assisted-evidence-rules
39,Threads (Meta),"4. Marketing, Ads, Email and Social","""Publishing and interacting with Threads content""","[""OAuth2""]","""unknown""","""HTTP API; breadth needs endpoint inventory""","""unknown""","""conditional""","""Developer plan eligibility, credential onboarding, scopes, rate limits and MCP availability need further confirmation before production.""",https://developers.facebook.com/docs/threads/get-started/,AI-session-assisted-evidence-rules
40,SendGrid,"4. Marketing, Ads, Email and Social","""Transactional and marketing email delivery""","[""API key""]","""unknown""","""REST; breadth needs endpoint inventory""","""unknown""","""conditional""","""Developer plan eligibility, credential onboarding, scopes, rate limits and MCP availability need further confirmation before production.""",https://www.twilio.com/docs/sendgrid/api-reference/how-to-use-the-sendgrid-v3-api/authentication,AI-session-assisted-evidence-rules
41,Shopify,5. Ecommerce,"""Commerce storefront and merchant management""","[""token""]","""unknown""","""REST + GraphQL; breadth needs endpoint inventory""","""unknown""","""conditional""","""Prefer GraphQL Admin API; token lifecycle, merchant install and production app distribution still need checking.""",https://shopify.dev/docs/api/admin-graphql | https://shopify.dev/docs/apps/build/authentication-authorization/access-tokens,AI-session-assisted-evidence-rules
42,WooCommerce,5. Ecommerce,"""WordPress ecommerce extension""","[""API key"", ""Basic""]","""unknown""","""REST; breadth needs endpoint inventory""","""unknown""","""conditional""","""Developer plan eligibility, credential onboarding, scopes, rate limits and MCP availability need further confirmation before production.""",https://woocommerce.github.io/woocommerce-rest-api-docs/,AI-session-assisted-evidence-rules
43,BigCommerce,5. Ecommerce,"""Hosted ecommerce platform""","[""OAuth2"", ""token""]","""unknown""","""REST + GraphQL; breadth needs endpoint inventory""","""unknown""","""conditional""","""Basic credentials in the Tax Provider API section belong to the external tax service; core store access uses its own token/OAuth model.""",https://developer.bigcommerce.com/docs/start/authentication,AI-session-assisted-evidence-rules
44,Salesforce Commerce Cloud,5. Ecommerce,"""Enterprise ecommerce platform""","""unknown""","""unknown""","""unknown""","""unknown""","""unknown""","""Developer plan eligibility, credential onboarding, scopes, rate limits and MCP availability need further confirmation before production.""",https://developer.salesforce.com/docs/commerce/commerce-api/guide/authorization.html,AI-session-assisted-evidence-rules
45,Magento (Adobe Commerce),5. Ecommerce,"""Extensible ecommerce platform""","[""other"", ""token""]","""unknown""","""unknown""","""unknown""","""unknown""","""PaaS/Magento OAuth 1.0a and bearer-token auth differ from Adobe SaaS IMS authentication. Scope the toolkit to a deployment type.""",https://developer.adobe.com/commerce/webapi/get-started/authentication/,AI-session-assisted-evidence-rules
46,Squarespace,5. Ecommerce,"""Website commerce and merchant workflows""","[""API key"", ""OAuth2""]","""paid""","""Documented API (protocol unverified); breadth needs endpoint inventory""","""unknown""","""conditional""","""Merchant key/API permission levels differ from commercial OAuth Extensions. Plan eligibility requires further confirmation.""",https://developers.squarespace.com/commerce-apis/authentication-and-permissions,AI-session-assisted-evidence-rules
47,Ecwid,5. Ecommerce,"""Embedded ecommerce storefronts""","""unknown""","""unknown""","""unknown""","""unknown""","""unknown""","""Developer plan eligibility, credential onboarding, scopes, rate limits and MCP availability need further confirmation before production.""",https://docs.ecwid.com/ | https://docs.ecwid.com/api-reference/rest-api/getting-started,AI-session-assisted-evidence-rules
48,Gumroad,5. Ecommerce,"""Digital product sales""","""unknown""","""unknown""","""unknown""","""unknown""","""unknown""","""Developer plan eligibility, credential onboarding, scopes, rate limits and MCP availability need further confirmation before production.""",https://gumroad.com/api,AI-session-assisted-evidence-rules
49,Amazon Selling Partner,5. Ecommerce,"""Amazon seller data and operations""","""unknown""","""unknown""","""unknown""","""unknown""","""unknown""","""Developer registration is a prerequisite; app review, roles, restricted data and seller authorization require separate investigation.""",https://developer-docs.amazon.com/sp-api/docs/registering-your-application,AI-session-assisted-evidence-rules
50,fanbasis,5. Ecommerce,"""Creator business and monetization platform""","""unknown""","""unknown""","""unknown""","""unknown""","""unknown""","""Developer plan eligibility, credential onboarding, scopes, rate limits and MCP availability need further confirmation before production.""",https://fanbasis.com/,AI-session-assisted-evidence-rules
51,DataForSEO,"6. Data, SEO and Scraping","""SEO and marketing data APIs""","[""Basic""]","""free""","""REST; breadth needs endpoint inventory""","""unknown""","""conditional""","""Developer plan eligibility, credential onboarding, scopes, rate limits and MCP availability need further confirmation before production.""",https://docs.dataforseo.com/v3/auth/,AI-session-assisted-evidence-rules
52,SE Ranking,"6. Data, SEO and Scraping","""SEO and AI-search visibility data""","[""API key""]","""trial""","""REST; breadth needs endpoint inventory""","""official""","""conditional""","""API can be tested during a trial; higher volume may require API add-on or funded pay-as-you-go. Trial is not free production.""",https://seranking.com/api.html,AI-session-assisted-evidence-rules
53,Ahrefs,"6. Data, SEO and Scraping","""SEO research and website analytics""","[""API key""]","""paid""","""HTTP API; breadth needs endpoint inventory""","""unknown""","""conditional""","""Eligible paid plans have API access; other plans only have limited free test queries, not a generally free API.""",https://docs.ahrefs.com/docs/api/reference/introduction | https://docs.ahrefs.com/docs/api/reference/authentication,AI-session-assisted-evidence-rules
54,MrScraper,"6. Data, SEO and Scraping","""Web scraping and extraction""","""unknown""","""unknown""","""HTTP API; breadth needs endpoint inventory""","""official""","""conditional""","""MCP is documented, but account token and plan eligibility still need checking.""",https://docs.mrscraper.com/,AI-session-assisted-evidence-rules
55,Apify,"6. Data, SEO and Scraping","""Web scraping actors and automation""","[""token""]","""unknown""","""REST; breadth needs endpoint inventory""","""unknown""","""conditional""","""Developer plan eligibility, credential onboarding, scopes, rate limits and MCP availability need further confirmation before production.""",https://docs.apify.com/api/v2,AI-session-assisted-evidence-rules
56,Firecrawl,"6. Data, SEO and Scraping","""Web crawling and structured extraction""","[""API key"", ""token""]","""free""","""unknown""","""official""","""buildable""","""Limited no-key trial calls are documented; full tools and higher limits depend on a team plan or API key.""",https://docs.firecrawl.dev/introduction | https://docs.firecrawl.dev/mcp-server,AI-session-assisted-evidence-rules
57,Bright Data,"6. Data, SEO and Scraping","""Web data and proxy infrastructure""","[""API key""]","""unknown""","""HTTP API; breadth needs endpoint inventory""","""unknown""","""conditional""","""API key auth differs from proxy-native username/password access. Billing applies.""",https://docs.brightdata.com/api-reference/authentication,AI-session-assisted-evidence-rules
58,Sherlock,"6. Data, SEO and Scraping","""Public username discovery CLI""","[""other: local execution; no service auth""]","""free""","""Local CLI; no hosted API asserted""","""unknown""","""buildable""","""Local CLI, not an authenticated hosted SaaS API. Wrap the process with bounded execution and validate inputs.""",https://github.com/sherlock-project/sherlock,AI-session-assisted-evidence-rules
59,Waterfall.io,"6. Data, SEO and Scraping","""Contact and company enrichment""","[""API key""]","""unknown""","""HTTP API; breadth needs endpoint inventory""","""unknown""","""conditional""","""Developer plan eligibility, credential onboarding, scopes, rate limits and MCP availability need further confirmation before production.""",https://waterfall.io/,AI-session-assisted-evidence-rules
60,Clay,"6. Data, SEO and Scraping","""Sales research and data enrichment""","""unknown""","""unknown""","""unknown""","""unknown""","""unknown""","""This source describes Clay calling external APIs. It does not establish Clay own API credentials, inbound surface or onboarding.""",https://university.clay.com/docs/http-api-integration-overview,AI-session-assisted-evidence-rules
61,GitHub,"7. Developer, Infra and Data platforms","""Code hosting and developer collaboration""","[""OAuth2"", ""token""]","""unknown""","""REST; breadth needs endpoint inventory""","""official""","""conditional""","""Use a scoped PAT or OAuth/GitHub App for customer data; password authentication is explicitly unsupported. Rate limits apply.""",https://docs.github.com/en/rest/authentication/authenticating-to-the-rest-api | https://docs.github.com/en/copilot/customizing-copilot/extending-the-capabilities-of-github-copilot-in-your-organization/about-the-github-mcp-server | https://github.com/github/github-mcp-server,AI-session-assisted-evidence-rules
62,Vercel,"7. Developer, Infra and Data platforms","""Web application deployment platform""","""unknown""","""unknown""","""REST; breadth needs endpoint inventory""","""unknown""","""conditional""","""REST index contains API-key management endpoints; that alone does not prove API-key authentication. Retrieve auth-specific documentation.""",https://vercel.com/docs/rest-api | https://vercel.com/docs/rest-api/reference/welcome | https://vercel.com/docs/rest-api/reference/welcome#authentication,AI-session-assisted-evidence-rules
63,Netlify,"7. Developer, Infra and Data platforms","""Web hosting and deployment automation""","[""OAuth2"", ""token""]","""unknown""","""REST; breadth needs endpoint inventory""","""unknown""","""conditional""","""Developer plan eligibility, credential onboarding, scopes, rate limits and MCP availability need further confirmation before production.""",https://docs.netlify.com/api-and-cli-guides/api-guides/get-started-with-api/,AI-session-assisted-evidence-rules
64,Cloudflare,"7. Developer, Infra and Data platforms","""Internet infrastructure and security""","[""token""]","""unknown""","""unknown""","""unknown""","""unknown""","""Developer plan eligibility, credential onboarding, scopes, rate limits and MCP availability need further confirmation before production.""",https://developers.cloudflare.com/fundamentals/api/get-started/create-token/,AI-session-assisted-evidence-rules
65,Supabase,"7. Developer, Infra and Data platforms","""Database and application backend platform""","[""OAuth2"", ""token""]","""unknown""","""HTTP API; breadth needs endpoint inventory""","""official""","""conditional""","""Management API OAuth/PAT and project data APIs are separate surfaces. Scope MCP to a project and enable read-only mode for initial testing.""",https://supabase.com/docs/reference/api/introduction | https://supabase.com/docs/guides/getting-started/mcp,AI-session-assisted-evidence-rules
66,Neo4j,"7. Developer, Infra and Data platforms","""Graph database and Cypher queries""","""unknown""","""unknown""","""HTTP API; breadth needs endpoint inventory""","""unknown""","""conditional""","""Developer plan eligibility, credential onboarding, scopes, rate limits and MCP availability need further confirmation before production.""",https://neo4j.com/docs/query-api/current/ | https://neo4j.com/docs/query-api/current/auth/,AI-session-assisted-evidence-rules
67,Snowflake,"7. Developer, Infra and Data platforms","""Cloud data warehouse and analytics""","[""OAuth2"", ""other"", ""token""]","""unknown""","""REST; breadth needs endpoint inventory""","""unknown""","""conditional""","""OAuth, PAT, key-pair and workload federation vary; Snowflake account roles and compute costs matter.""",https://docs.snowflake.com/en/developer-guide/snowflake-rest-api/authentication,AI-session-assisted-evidence-rules
68,MongoDB Atlas,"7. Developer, Infra and Data platforms","""Managed MongoDB databases""","[""OAuth2"", ""other""]","""unknown""","""HTTP API; breadth needs endpoint inventory""","""unknown""","""conditional""","""Service-account OAuth is recommended; legacy API keys use HTTP Digest, not HTTP Basic.""",https://www.mongodb.com/docs/atlas/api/api-authentication/,AI-session-assisted-evidence-rules
69,Datadog,"7. Developer, Infra and Data platforms","""Infrastructure monitoring and observability""","[""API key""]","""unknown""","""REST; breadth needs endpoint inventory""","""unknown""","""conditional""","""Write operations need an API key; reads also need an application key. Use scopes and organization permissions.""",https://docs.datadoghq.com/api/latest/authentication/,AI-session-assisted-evidence-rules
70,Sentry,"7. Developer, Infra and Data platforms","""Application error and performance monitoring""","[""token""]","""unknown""","""HTTP API; breadth needs endpoint inventory""","""unknown""","""conditional""","""Developer plan eligibility, credential onboarding, scopes, rate limits and MCP availability need further confirmation before production.""",https://docs.sentry.io/api/auth/,AI-session-assisted-evidence-rules
71,Notion,8. Productivity and Project Management,"""Workspace documents and knowledge management""","[""OAuth2"", ""token""]","""unknown""","""REST; breadth needs endpoint inventory""","""official""","""conditional""","""Developer plan eligibility, credential onboarding, scopes, rate limits and MCP availability need further confirmation before production.""",https://developers.notion.com/docs/authorization | https://developers.notion.com/docs/mcp,AI-session-assisted-evidence-rules
72,Airtable,8. Productivity and Project Management,"""Structured bases and collaborative data""","[""OAuth2"", ""token""]","""free""","""HTTP API; breadth needs endpoint inventory""","""unknown""","""buildable""","""Legacy API keys are deprecated. PAT/OAuth routes and free-plan rate limits should be verified in current docs.""",https://airtable.com/developers/web/api/introduction | https://support.airtable.com/articles/9934989703-creating-personal-access-tokens | https://support.airtable.com/articles/6292134965-getting-started-with-airtable-s-web-api,AI-session-assisted-evidence-rules
73,Linear,8. Productivity and Project Management,"""Issue tracking and product development""","[""API key"", ""OAuth2""]","""unknown""","""GraphQL; breadth needs endpoint inventory""","""official""","""conditional""","""Developer plan eligibility, credential onboarding, scopes, rate limits and MCP availability need further confirmation before production.""",https://linear.app/developers/graphql | https://linear.app/docs/mcp,AI-session-assisted-evidence-rules
74,Jira,8. Productivity and Project Management,"""Project and issue management""","[""Basic"", ""OAuth2""]","""unknown""","""REST; breadth needs endpoint inventory""","""unknown""","""conditional""","""Jira Cloud REST and GraphQL references must be scoped separately; avoid extracting auth from embedded frontend metadata.""",https://developer.atlassian.com/cloud/jira/platform/rest/v3/intro/ | https://developer.atlassian.com/cloud/jira/platform/basic-auth-for-rest-apis/,AI-session-assisted-evidence-rules
75,Asana,8. Productivity and Project Management,"""Tasks and team project management""","[""OAuth2"", ""token""]","""unknown""","""HTTP API; breadth needs endpoint inventory""","""unknown""","""conditional""","""Developer plan eligibility, credential onboarding, scopes, rate limits and MCP availability need further confirmation before production.""",https://developers.asana.com/docs/authentication,AI-session-assisted-evidence-rules
76,Monday.com,8. Productivity and Project Management,"""Work management and collaborative boards""","[""token""]","""trial""","""HTTP API; breadth needs endpoint inventory""","""unknown""","""conditional""","""Developer plan eligibility, credential onboarding, scopes, rate limits and MCP availability need further confirmation before production.""",https://developer.monday.com/api-reference/docs/authentication,AI-session-assisted-evidence-rules
77,ClickUp,8. Productivity and Project Management,"""Tasks and project management""","[""OAuth2"", ""token""]","""unknown""","""HTTP API; breadth needs endpoint inventory""","""unknown""","""conditional""","""Developer plan eligibility, credential onboarding, scopes, rate limits and MCP availability need further confirmation before production.""",https://developer.clickup.com/docs/authentication,AI-session-assisted-evidence-rules
78,Coda,8. Productivity and Project Management,"""Collaborative documents and structured tables""","[""token""]","""unknown""","""REST; breadth needs endpoint inventory""","""official""","""conditional""","""Coda reference now presents Superhuman Docs branding; verify current host/product mapping before integration.""",https://coda.io/developers/apis/v1,AI-session-assisted-evidence-rules
79,Smartsheet,8. Productivity and Project Management,"""Spreadsheet-style work management""","[""OAuth2"", ""token""]","""unknown""","""HTTP API; breadth needs endpoint inventory""","""unknown""","""conditional""","""Paid-plan restrictions require a plan-specific source; creating a token does not alone prove free API access.""",https://developers.smartsheet.com/api/smartsheet/guides/basics/authentication,AI-session-assisted-evidence-rules
80,Harvest,8. Productivity and Project Management,"""Time tracking and invoicing""","[""OAuth2"", ""token""]","""unknown""","""HTTP API; breadth needs endpoint inventory""","""unknown""","""conditional""","""Personal access tokens replaced Basic auth from API v1; do not report Basic as a current v2 method.""",https://help.getharvest.com/api-v2/authentication-api/authentication/authentication/,AI-session-assisted-evidence-rules
81,Stripe,9. Finance and Fintech,"""Payments and financial operations""","[""API key""]","""trial""","""HTTP API; breadth needs endpoint inventory""","""official""","""conditional""","""Test-mode keys provide sandbox capability; live-mode permissions and money-moving actions need separate checks.""",https://docs.stripe.com/api/authentication | https://docs.stripe.com/mcp,AI-session-assisted-evidence-rules
82,Plaid,9. Finance and Fintech,"""Financial data connectivity""","[""API key""]","""trial""","""REST; breadth needs endpoint inventory""","""unknown""","""conditional""","""Sandbox is self-serve; production product access and commercial approval require separate checking.""",https://plaid.com/docs/api/ | https://plaid.com/docs/quickstart/,AI-session-assisted-evidence-rules
83,Binance,9. Finance and Fintech,"""Cryptocurrency exchange and account operations""","[""API key""]","""free""","""REST; breadth needs endpoint inventory""","""unknown""","""conditional""","""Developer plan eligibility, credential onboarding, scopes, rate limits and MCP availability need further confirmation before production.""",https://developers.binance.com/docs/binance-spot-api-docs/rest-api | https://raw.githubusercontent.com/binance/binance-spot-api-docs/master/rest-api.md,AI-session-assisted-evidence-rules
84,Paygent Connect,9. Finance and Fintech,"""Payment service identity requires confirmation""","""unknown""","""unknown""","""unknown""","""unknown""","""unknown""","""Paygent Connect identity is ambiguous in the supplied hint. Do not substitute the Japanese Paygent service or assume NMI credentials apply.""",https://paygent.io/,AI-session-assisted-evidence-rules
85,iPayX,9. Finance and Fintech,"""FX transaction verification; API not confirmed""","""unknown""","""unknown""","""unknown""","""unknown""","""unknown""","""The supplied docs route returns an FX verification product page rather than usable API documentation. Auth and API remain unresolved.""",https://ipayx.ai/docs,AI-session-assisted-evidence-rules
86,QuickBooks,9. Finance and Fintech,"""Business accounting and financial records""","[""OAuth2""]","""trial""","""HTTP API; breadth needs endpoint inventory""","""unknown""","""conditional""","""Developer plan eligibility, credential onboarding, scopes, rate limits and MCP availability need further confirmation before production.""",https://developer.intuit.com/app/developer/qbo/docs/get-started | https://intuitdeveloper.github.io/getstarted/,AI-session-assisted-evidence-rules
87,Xero,9. Finance and Fintech,"""Accounting and business financial records""","[""OAuth2""]","""trial""","""Documented API (protocol unverified); breadth needs endpoint inventory""","""unknown""","""conditional""","""Developer plan eligibility, credential onboarding, scopes, rate limits and MCP availability need further confirmation before production.""",https://developer.xero.com/documentation/guides/oauth2/auth-flow | https://developer.xero.com/documentation/guides/oauth2/overview | https://developer.xero.com/faq/getting-started,AI-session-assisted-evidence-rules
88,Brex,9. Finance and Fintech,"""Corporate cards and spend management""","[""token""]","""admin""","""REST; breadth needs endpoint inventory""","""unknown""","""conditional""","""Brex currently documents only a production API server; do not promise a free sandbox.""",https://developer.brex.com/ | https://developer.brex.com/docs/authentication/,AI-session-assisted-evidence-rules
89,Ramp,9. Finance and Fintech,"""Corporate spend and finance workflows""","[""OAuth2""]","""unknown""","""REST; breadth needs endpoint inventory""","""unknown""","""conditional""","""Developer plan eligibility, credential onboarding, scopes, rate limits and MCP availability need further confirmation before production.""",https://docs.ramp.com/developer-api/v1/overview | https://docs.ramp.com/developer-api/v1/authorization | https://docs.ramp.com/llms-full.txt,AI-session-assisted-evidence-rules
90,PitchBook,9. Finance and Fintech,"""Private and public market intelligence""","[""API key""]","""partner""","""REST; breadth needs endpoint inventory""","""unknown""","""conditional""","""API contracts are separate from platform subscriptions; contact the Direct Data team for access.""",https://pitchbook.com/products/direct-data | https://pitchbook.com/help/PitchBook-api,AI-session-assisted-evidence-rules
91,NotebookLM,"10. AI, Research and Media-native","""Enterprise document-grounded research notebooks""","[""token""]","""paid""","""HTTP API; breadth needs endpoint inventory""","""unknown""","""conditional""","""The retrieved API is Gemini Notebook Enterprise (formerly NotebookLM Enterprise), not the consumer NotebookLM UI. IAM, licensing and preview status matter.""",https://cloud.google.com/gemini/enterprise/notebooklm-enterprise/docs/api-notebooks | https://cloud.google.com/gemini/enterprise/notebooklm-enterprise/docs/set-up-notebooklm,AI-session-assisted-evidence-rules
92,Otter AI,"10. AI, Research and Media-native","""Meeting transcripts and AI notes""","[""OAuth2""]","""unknown""","""unknown""","""official""","""conditional""","""Official MCP uses OAuth. The help page says there is no public API key; do not label a generic API-key route as available.""",https://help.otter.ai/hc/en-us/articles/35287607569687-Otter-MCP-Server,AI-session-assisted-evidence-rules
93,Fathom,"10. AI, Research and Media-native","""Meeting recordings and summaries""","[""API key"", ""OAuth2""]","""unknown""","""unknown""","""unknown""","""unknown""","""Developer plan eligibility, credential onboarding, scopes, rate limits and MCP availability need further confirmation before production.""",https://developers.fathom.ai/ | https://developers.fathom.ai/quickstart,AI-session-assisted-evidence-rules
94,Consensus,"10. AI, Research and Media-native","""Academic literature search and synthesis""","""unknown""","""unknown""","""unknown""","""unknown""","""unknown""","""Confirm Consensus academic research identity. Official MCP documentation is available; do not confuse it with unrelated Consensus products.""",https://consensus.app/ | https://docs.consensus.app/docs/mcp,AI-session-assisted-evidence-rules
95,Reducto,"10. AI, Research and Media-native","""Document parsing and structured extraction""","[""API key""]","""free""","""HTTP API; breadth needs endpoint inventory""","""official""","""conditional""","""Developer plan eligibility, credential onboarding, scopes, rate limits and MCP availability need further confirmation before production.""",https://docs.reducto.ai/ | https://docs.reducto.ai/api-reference/authentication,AI-session-assisted-evidence-rules
96,Devin,"10. AI, Research and Media-native","""AI software engineering workflows""","[""API key""]","""unknown""","""REST; breadth needs endpoint inventory""","""official""","""conditional""","""Official MCP is authenticated. REST versions and organization/member roles affect available operations.""",https://docs.devin.ai/api-reference/overview | https://docs.devin.ai/work-with-devin/devin-mcp,AI-session-assisted-evidence-rules
97,higgsfield,"10. AI, Research and Media-native","""AI image and video generation""","[""API key"", ""other""]","""paid""","""HTTP API; breadth needs endpoint inventory""","""official""","""conditional""","""MCP account sign-in and server-side API key ID/secret are separate paths. Generation consumes platform credits.""",https://higgsfield.ai/cli | https://docs.higgsfield.ai/,AI-session-assisted-evidence-rules
98,Mermaid CLI,"10. AI, Research and Media-native","""Render Mermaid definitions into diagrams""","[""other: local execution; no service auth""]","""free""","""Local CLI; no hosted API asserted""","""unknown""","""buildable""","""Local CLI needs no service credential. Browser/runtime dependencies and subprocess input isolation are the main packaging considerations.""",https://github.com/mermaid-js/mermaid-cli,AI-session-assisted-evidence-rules
99,YouTube Transcript,"10. AI, Research and Media-native","""YouTube transcripts through TranscriptAPI""","[""API key""]","""unknown""","""REST; breadth needs endpoint inventory""","""official""","""conditional""","""This is the paid TranscriptAPI service from the brief, not an official YouTube transcript endpoint.""",https://transcriptapi.com/docs/ | https://transcriptapi.com/docs/api/ | https://transcriptapi.com/docs/mcp/ | https://transcriptapi.com/docs/llms.txt,AI-session-assisted-evidence-rules
100,Grain,"10. AI, Research and Media-native","""Meeting recordings and insights""","[""OAuth2"", ""token""]","""admin""","""HTTP API; breadth needs endpoint inventory""","""unknown""","""conditional""","""PAT/workspace tokens differ from public OAuth; the OAuth client ID/secret registration process is manual in the docs.""",https://developers.grain.com/,AI-session-assisted-evidence-rules
